# mean,std
6.836416640053225580e-01,3.221237982402093761e-03
