# mean,std
5.812262515274949637e-01,5.086719574280194542e-03
