# mean,std
8.309031766148814446e-01,5.256451017088819601e-03
