# mean,std
7.553770948616601588e-01,6.268402956368738718e-03
